path	bytes	sha256	identicalReferencedFiles	identicalOtherCandidates
corrections/1782726097408-.pdf	164668	59b5984004a5ef03556a45474fdb3de5b41b41ba97d9904f4f748a100bd604ab	corrections/1785483813628-.pdf	
corrections/1783418826520-.pdf	860772	24f7815abd3b7003193e86af02c87b6fb449d0f1c016133b7b3d9964c9457443	corrections/1785393980000-.pdf	
editions_attachments/1790321367395-.pdf	2575379	a13b3c792a9d837f3f425577e06e573178052f110030d2530fa7f69d8b01d0ba	editions_attachments/1790325195636-.pdf	
images/1782297650559-.png	595975	d0ace62e73deede3df70bc8652c854f8f048b75932227ab3c33c0d38731bfbe4		images/1782306241286-.png
images/1782303582613-.png	1549048	fd026c9d783a9dd808bd68bc6b9291d9810b5f36e22249d1ff7e19444f3eb4f4	images/1782661017318-.png	
images/1782303592587-.png	1883718	580e6c829c2abe6cbf6aafc16c79333b15ea3a10f605b77e0d47b8db6b031d46	images/1782661039211-.png	
images/1782305699923-.png	1980113	a3176eac9f58cefe0636bc690f2222da05b63f71bbc2db70b69fa68963abafaa		
images/1782306241286-.png	595975	d0ace62e73deede3df70bc8652c854f8f048b75932227ab3c33c0d38731bfbe4		images/1782297650559-.png
images/1782308257906-ETz3idVXQAMo40.jpeg	481308	7d4aa3ed3db6d0d64ca898afac8484549ec88e543adc590833c565e921e32e14		
images/1782548563235-bidayasoutour.jpg	500242	d5f8cd3b0818a40df11d65deb0d7cf50c35a6435903c9319c458c90e70e82cc3	images/1782310581768-bidayasoutour.jpg	
images/1782548824932-48008525124173730119509453796143315845464n.jpg	195631	56a642441968ed360cef7e1f495c48b1440f84e3633adc0407d538cb6b4a7e09	images/1782619269817-48008525124173730119509453796143315845464n.jpg	
images/1782553952802-48634319824521971084685356771879302379975264n.jpg	481776	2ab956c72d55b2e24c6ea6e18dffeac186b82923665c355a74a18add4aec1166	images/1782554139073-48634319824521971084685356771879302379975264n.jpg	
images/1782554300066-images20260627T125727.344.jpeg	25060	4a613c061aad5ff0477821bd9e3c66e8409ff27786bb12e4b4eac63c8cdf5633	images/1782558123586-images20260627T125727.344.jpeg	
images/1782554357584-images20260627T125907.989.jpeg	31070	b66e3f51425b40bf92b15e375bde37a6e9a36d8fb333c0c8950c962bef550014		
images/1782556716905-images20260627T133823.690.jpeg	7835	9183af68513d74eacd17d48ed8ee5a513a78ce016f390b63abf94d78c586ccdf	images/1782557190614-images20260627T133823.690.jpeg	images/1782557086817-images20260627T133823.690.jpeg
images/1782556915031-47698187424173710686178068585408484133501175n.jpg	185030	96070129d0a84bc211180597369d288c17dab068cf7db7fbfc9d07715e02614d	images/1782557220463-47698187424173710686178068585408484133501175n.jpg	images/1782557065015-47698187424173710686178068585408484133501175n.jpg
images/1782557065015-47698187424173710686178068585408484133501175n.jpg	185030	96070129d0a84bc211180597369d288c17dab068cf7db7fbfc9d07715e02614d	images/1782557220463-47698187424173710686178068585408484133501175n.jpg	images/1782556915031-47698187424173710686178068585408484133501175n.jpg
images/1782557086817-images20260627T133823.690.jpeg	7835	9183af68513d74eacd17d48ed8ee5a513a78ce016f390b63abf94d78c586ccdf	images/1782557190614-images20260627T133823.690.jpeg	images/1782556716905-images20260627T133823.690.jpeg
images/1782558231287-images20260627T140242.427.jpeg	60987	888ec4e9c6b0a473784a1145d62492715d516711e0d82232acc2e45a9776ac82		
images/1782558724411-images20260627T141146.611.jpeg	40535	3b315a45329e931f0ba8032b8db21cf2a4531c17a6f49e1a152382ecf64b2207	images/1782558741926-images20260627T141146.611.jpeg	
images/1782571206253-images20260627T173934.678.jpeg	29466	fe2631df3e6dff3af4dd91dff5f7c2cb5759129fe7485c777aa2df85d1f890b3	images/1782573881844-images20260627T173934.678.jpeg	
images/1782571229398-56492542.jpg	182045	f6242f325375c8d77dc034ca284f050f0aa3b5af8e1589f70d0f7fb06e0255a0	images/1782573865234-56492542.jpg	
images/1782571355303-images20260627T174226.286.jpeg	54762	4222c8263a733a502812a11b018a1b46d9aa4ebd1940e6c4d1ebcecd29320c49	images/1782573900435-images20260627T174226.286.jpeg | images/1782624380682-images20260628T081034.626.jpeg	
images/1782571757291-images20260627T174458.427.jpeg	46753	61d6f7328470d74eb8f73e8bea0f297c5b04e4d866d82e08e607d9d5950a6431	images/1782573653207-images20260627T174458.427.jpeg	
images/1782571776412-48583.jpg	56703	58e5af3d5ec11c3d68bb9346e589953e131fbb8e9ff5b446cb13a3a7a4ea9bbc	images/1782573614173-48583.jpg	
images/1782571783420-images20260627T174540.160.jpeg	47599	ff6a3a83b6f67f85ba5836c97a496753fe62cd946dd362c0cc9470ad4d11ff2d	images/1782573624159-images20260627T174540.160.jpeg	
images/1782571835733-.jpg	45374	34688ed43ed6efb149a16c09e85462652b917727456ad39c7af2190f50bff6df	images/1782573632098-.jpg	
images/1782571855423-16.png	1618012	27d1716539a960c61836fd3db83a6921c8da9d0e43a9fa3c316f6aefef79e398	images/1782573590516-16.png	
images/1782571920724-3592ced277ce884ec271b0ea8190609c.png.webp	6870	2f92a6648af241ba85547722d4946a8b915dc685cc5c0034680a044dbd6f44bc	images/1782573569326-3592ced277ce884ec271b0ea8190609c.png.webp	
images/1782571927815-images20260627T175149.451.jpeg	33477	907a2b512cd70c2f9b88e7ee735f4d37955153bee9745ea28f71fc818330a07d	images/1782573559037-images20260627T175149.451.jpeg	
images/1782587858265-v6vwQcqS9DUSjR5JUnPZYBMAG0dY29vLuI9D1ffI.jpg	41198	919ad269a6b2c9a6799482bd6f69e4aa5d853d6820c8f45b2d14d6dd26384a5e	images/1782588435424-v6vwQcqS9DUSjR5JUnPZYBMAG0dY29vLuI9D1ffI.jpg	
images/1782587878510-images20260627T220729.528.jpeg	17975	d5b9240ddb87a31613055237e169de13086c8e2e5434fb95f09c946b428ae5a8		
images/1782589586961-DNOWQMPaKKGexns58EYLEvSOaayqqpTgHx72S6Fc.jpg	18230	c93fd7a255314ed2f3012f4c457a39e4a0a939537aa823db18ae71e514f14998	images/1782596177737-DNOWQMPaKKGexns58EYLEvSOaayqqpTgHx72S6Fc.jpg	
images/1782589640614-images20260627T224100.596.jpeg	35697	4217d0390328af5f2d5e6787483b7f6318c142862d8510bbc13fb464cbe70e3f	images/1782589816083-images20260627T224100.596.jpeg	
images/1782627887242-images20260628T092347.781.jpeg	48748	4bbba1b47cccb423427c409fef871a7a18f18ac01a47bb8297fa0278d1c976ac		
images/1782627943868-images20260628T092302.708.jpeg	36318	8be0e49ad8daca7f7c418a28b012bb154c680de3b1dcf2767f91c0363e8495a9		
images/1782629141915-default1.jpg	93480	8c3ed193e493132ec1c00e08bf11055d98a7c4604988e05fe34d5aa5928124f0	images/1782629158302-default1.jpg	
images/1782629259783-47697395524173733719509093014469515685460728n1.jpg	141112	c0cfb701a7ca7c9e1c9f2f495e13acaacc6dec3ebf682c3ed248d57dad16836c	images/1782640623957-47697395524173733719509093014469515685460728n1.jpg	
images/1782631751755-images20260628T102837.559.jpeg	73596	a965a38e6363260d5d522ac4d0ec8719ea64c5eebc4df00ab1303b2e0fc46f95		
images/1782632220629-47757959624173712986177835519393077196940699n.jpg	120314	2759234aae61f7f1429ae98695940a20ce24866b72f247ae2b701cfd138ab7c8	images/1782632476136-47757959624173712986177835519393077196940699n.jpg	
images/1782632273023-47826833624173712352844562513327590895437735n.jpg	166072	af2eefec702dd2e7ddc1a9b9850e86c1579d76368cbb6a0504d81f9b8b32ab7e		
images/1782632349429-47697390624173711419511326317269452434028510n.jpg	140256	b20866ffc5ff3dd7e8bc13d6e71b3f96080c78a92c5ac3e43258130b71d3ccef	images/1782632603062-47697390624173711419511326317269452434028510n.jpg	
images/1782640969552-images63.jpeg	38634	a49dc82cdde5de6f26801795ac95e10c9b13ca41875422c60f40f6f0c9897541	images/1782642827325-images63.jpeg	
images/1782640975332-images29.jpeg	32794	02832942ac8166c7e91c24de0a7bad9123667dab05b0e29b8eb56f15f7107400		
images/1782641004491-images66.jpeg	80778	073697a44a0d26323ff39aabd3611117d50cd62a46aea700abdcbff34be2f05d	images/1782642416980-images66.jpeg	
images/1782641042071-images67.jpeg	42987	fa881f49639def26e64a291c2f5a6143fa1b3ddd7958af4a7e22f4b9a2b727d6	images/1782642331231-images67.jpeg	
images/1782641066317-IMG.jpg	81361	3a11ab13634b83e3e42d8b3bf84644411dd3eaabd3f8cfc7b888f21f7b6a14e3	images/1782642671625-IMG.jpg	
images/1782653551136-images29.jpeg	99629	1fb4ac4abc72e2685e071ed0c9e27d7d4cc941a38daa745f374a53f28599ee06	images/1782653782332-images29.jpeg	
images/1782653560675-images63.jpeg	39544	6286bbd866b05f21b87d6ac760613794124dcea70d19f8906a4aa9298bb69bc0	images/1782653774104-images63.jpeg	
images/1782658286414-48008553324173708852844915201437015327089534n.jpg	66542	94c993af305a1dd67539533e5bf8866f08b2f062a4a8e6e67d1865f2ced3bd5a	images/1782658539924-48008553324173708852844915201437015327089534n.jpg	
images/1782658303369-EK9rhpYWoAIUH7m.jpg	421853	3fedf7b815cd89ff7f9824f4993af316bf2ff9430f2fe21d1f008a99a7627f0f		images/1782658318051-EK9rhpYWoAIUH7m.jpg
images/1782658318051-EK9rhpYWoAIUH7m.jpg	421853	3fedf7b815cd89ff7f9824f4993af316bf2ff9430f2fe21d1f008a99a7627f0f		images/1782658303369-EK9rhpYWoAIUH7m.jpg
images/1782660411422-4798997312417370851951161917521951672161142n.jpg	256323	be251c910e62d252615fca724d3f303f63bbad6b40c664e7799feca7ce5662f5	images/1782660488181-4798997312417370851951161917521951672161142n.jpg	
images/1782660835965-images20260628T183332.279.jpeg	37569	fefcc90b6f18ae5fedf283b846a0591a527aead763b802904d96a0767f680343		
images/1782663023484-images20260628T191001.105.jpeg	37619	afcb187fb5139505d9197155c280ce9b7ba0d0691de335dc07eb29e34e438155		
images/1782667089612-12012.jpg	214983	6ac8de3f7e3b6e78cb2e2aaca473b8c14ad11caafc90b064cacec7ee3ceae8ef		
images/1782673136138-images73.jpeg	54482	dfc4b2ae04f5ec654876af66b3739585417f1a2cd92b230896b45f4bba77e8c7		images/1782673483710-images73.jpeg | images/1782674195833-images73.jpeg | images/1782674828893-images73.jpeg
images/1782673166555-images69.jpeg	49369	0a6bd45385825679465c684f605c8509aa281034b2872c0b598e1bb9013000c1	images/1782674868695-images69.jpeg	images/1782673501189-images69.jpeg | images/1782674129144-images69.jpeg
images/1782673201178-dKw8Fd9PbikPmfkDqI3uDS7KsC9eCtErTvb0uqaf.jpg	201357	676cdf8a7bce1d693aaa81fd155998d596ba7ec26bb9d3d5dba42219603017e2	images/1782674874254-dKw8Fd9PbikPmfkDqI3uDS7KsC9eCtErTvb0uqaf.jpg	images/1782673509379-dKw8Fd9PbikPmfkDqI3uDS7KsC9eCtErTvb0uqaf.jpg | images/1782674135250-dKw8Fd9PbikPmfkDqI3uDS7KsC9eCtErTvb0uqaf.jpg
images/1782673212382-iathumb.jpg	24637	aeb75155a6d5f05c7af7752500a29f831a2e3c40c1e2996c2be14a4b4bc6ee28	images/1782674883483-iathumb.jpg	images/1782673517808-iathumb.jpg | images/1782674142213-iathumb.jpg
images/1782673218984-images71.jpeg	46689	ec1be9e6e132c7933f5594c5fc86a5d8ce2224d21b9914f116655e480bea2f27		images/1782673523593-images71.jpeg | images/1782674148814-images71.jpeg | images/1782674890880-images71.jpeg
images/1782673250550-default1.jpg	103029	74da31110e5e380ed746e4967e043e5dec8ac0f29d670479cbc3285511fc2256	images/1782673731849-default1.jpg	images/1782673442434-default1.jpg
images/1782673289472-images72.jpeg	69375	d9e9b85fbe9bb0b7c3bdd93c3502d5a66dfe42fcced1b24c8f69d17a1a1f4d40	images/1782674379659-images72.jpeg	images/1782673462061-images72.jpeg | images/1782674215987-images72.jpeg
images/1782673442434-default1.jpg	103029	74da31110e5e380ed746e4967e043e5dec8ac0f29d670479cbc3285511fc2256	images/1782673731849-default1.jpg	images/1782673250550-default1.jpg
images/1782673462061-images72.jpeg	69375	d9e9b85fbe9bb0b7c3bdd93c3502d5a66dfe42fcced1b24c8f69d17a1a1f4d40	images/1782674379659-images72.jpeg	images/1782673289472-images72.jpeg | images/1782674215987-images72.jpeg
images/1782673483710-images73.jpeg	54482	dfc4b2ae04f5ec654876af66b3739585417f1a2cd92b230896b45f4bba77e8c7		images/1782673136138-images73.jpeg | images/1782674195833-images73.jpeg | images/1782674828893-images73.jpeg
images/1782673501189-images69.jpeg	49369	0a6bd45385825679465c684f605c8509aa281034b2872c0b598e1bb9013000c1	images/1782674868695-images69.jpeg	images/1782673166555-images69.jpeg | images/1782674129144-images69.jpeg
images/1782673509379-dKw8Fd9PbikPmfkDqI3uDS7KsC9eCtErTvb0uqaf.jpg	201357	676cdf8a7bce1d693aaa81fd155998d596ba7ec26bb9d3d5dba42219603017e2	images/1782674874254-dKw8Fd9PbikPmfkDqI3uDS7KsC9eCtErTvb0uqaf.jpg	images/1782673201178-dKw8Fd9PbikPmfkDqI3uDS7KsC9eCtErTvb0uqaf.jpg | images/1782674135250-dKw8Fd9PbikPmfkDqI3uDS7KsC9eCtErTvb0uqaf.jpg
images/1782673517808-iathumb.jpg	24637	aeb75155a6d5f05c7af7752500a29f831a2e3c40c1e2996c2be14a4b4bc6ee28	images/1782674883483-iathumb.jpg	images/1782673212382-iathumb.jpg | images/1782674142213-iathumb.jpg
images/1782673523593-images71.jpeg	46689	ec1be9e6e132c7933f5594c5fc86a5d8ce2224d21b9914f116655e480bea2f27		images/1782673218984-images71.jpeg | images/1782674148814-images71.jpeg | images/1782674890880-images71.jpeg
images/1782674129144-images69.jpeg	49369	0a6bd45385825679465c684f605c8509aa281034b2872c0b598e1bb9013000c1	images/1782674868695-images69.jpeg	images/1782673166555-images69.jpeg | images/1782673501189-images69.jpeg
images/1782674135250-dKw8Fd9PbikPmfkDqI3uDS7KsC9eCtErTvb0uqaf.jpg	201357	676cdf8a7bce1d693aaa81fd155998d596ba7ec26bb9d3d5dba42219603017e2	images/1782674874254-dKw8Fd9PbikPmfkDqI3uDS7KsC9eCtErTvb0uqaf.jpg	images/1782673201178-dKw8Fd9PbikPmfkDqI3uDS7KsC9eCtErTvb0uqaf.jpg | images/1782673509379-dKw8Fd9PbikPmfkDqI3uDS7KsC9eCtErTvb0uqaf.jpg
images/1782674142213-iathumb.jpg	24637	aeb75155a6d5f05c7af7752500a29f831a2e3c40c1e2996c2be14a4b4bc6ee28	images/1782674883483-iathumb.jpg	images/1782673212382-iathumb.jpg | images/1782673517808-iathumb.jpg
images/1782674148814-images71.jpeg	46689	ec1be9e6e132c7933f5594c5fc86a5d8ce2224d21b9914f116655e480bea2f27		images/1782673218984-images71.jpeg | images/1782673523593-images71.jpeg | images/1782674890880-images71.jpeg
images/1782674195833-images73.jpeg	54482	dfc4b2ae04f5ec654876af66b3739585417f1a2cd92b230896b45f4bba77e8c7		images/1782673136138-images73.jpeg | images/1782673483710-images73.jpeg | images/1782674828893-images73.jpeg
images/1782674215987-images72.jpeg	69375	d9e9b85fbe9bb0b7c3bdd93c3502d5a66dfe42fcced1b24c8f69d17a1a1f4d40	images/1782674379659-images72.jpeg	images/1782673289472-images72.jpeg | images/1782673462061-images72.jpeg
images/1782674828893-images73.jpeg	54482	dfc4b2ae04f5ec654876af66b3739585417f1a2cd92b230896b45f4bba77e8c7		images/1782673136138-images73.jpeg | images/1782673483710-images73.jpeg | images/1782674195833-images73.jpeg
images/1782674890880-images71.jpeg	46689	ec1be9e6e132c7933f5594c5fc86a5d8ce2224d21b9914f116655e480bea2f27		images/1782673218984-images71.jpeg | images/1782673523593-images71.jpeg | images/1782674148814-images71.jpeg
images/1782676234415-images80.jpeg	10140	effb6b8a05aabeb6e7e2d594bf214fac7d104de1cdc1ea68ace56d8301c328d8	images/1782685068604-images801796239199485280.jpeg	
images/1782676267731-images78.jpeg	10701	7c657f86e5cabf817a14b7824c41ce7c6e165f3a14456ef9dba972d468ac302e	images/1782676552239-images78.jpeg	
images/1782676296491-5.jpeg	13097	2b7e938424959d78b88fae293312e9e6fc10cb3bc4918e154c93a2af28db6a73		images/1782684970569-5.jpeg
images/1782676324408-4.jpeg	8751	5af77e98d3b764128cbe6e765670cb509152f83fc04d429333150c283cf192ae	images/1782683575714-41796239127672780.jpeg	
images/1782676348572-images76.jpeg	22933	bebde63fdcdacdfedd0cdfeaca516bdd7e39aec156b1dcff841f956c310be27e	images/1782682408849-images761796239004718092.jpeg	
images/1782676385461-images77.jpeg	39355	7323d1a30030e2dde9f10acc847377f5791e1aa038528a49b9d37a67d1a438ed	images/1782682433595-images771796239060288405.jpeg	
images/1782676412938-3.jpeg	8186	8ee5965f2de1f442ec6ce229813cc8a6bc0495608dab8bfc926a384ee26fb6d0	images/1782685129223-3.jpeg	images/1782682778880-3.jpeg
images/1782676436830-images75.jpeg	37089	4e0d8aa0cd08ceb1b7f168085bf9b89dc605231f043fd03c3e37c07c7c8264d5	images/1782685097981-images751796238984359759.jpeg	
images/1782676461493-images74.jpeg	16042	47a64056a8705954f36a53e54cc2755ddb90524c7a841ed4e50e222edfd25594	images/1782683205046-images741796238921091009.jpeg	
images/1782676471127-1270x1444.jpg	380617	d0513ac91ff3824fe360872a7d14be84bc0c435fa7f55908e057d4dc5d56a37b	images/1782683240928-1270x1444.jpg	
images/1782681055577-scaled.jpg	337371	2d8fa47b2c82d7518d5e335bfde9cb36cc9a6838db1955326429bf45677eee3d	images/1782681048388-scaled1.jpg	
images/1782682778880-3.jpeg	8186	8ee5965f2de1f442ec6ce229813cc8a6bc0495608dab8bfc926a384ee26fb6d0	images/1782685129223-3.jpeg	images/1782676412938-3.jpeg
images/1782684970569-5.jpeg	13097	2b7e938424959d78b88fae293312e9e6fc10cb3bc4918e154c93a2af28db6a73		images/1782676296491-5.jpeg
images/1782718284193-IMG20260629093017185.jpg	178218	030edfb18538f08ad529f354e3a79fed9746dadfab37f923b79ad37bb779c3a0		
images/1782722573226-e966a734d3c040b8a23ebb49939715151000x838.18915284626we81Ylg9hG8SL34uGrBSG0fk7BuIQRQokDvzkER9.jpg	242063	f1ee3b5ba8f161bd3831789c0973c2bfdcef87de73fc6a1ef8a11eb823820431	images/1782754724657-e966a734d3c040b8a23ebb49939715151000x838.18915284626we81Ylg9hG8SL34uGrBSG0fk7BuIQRQokDvzkER9.jpg	images/1782754257789-e966a734d3c040b8a23ebb49939715151000x838.18915284626we81Ylg9hG8SL34uGrBSG0fk7BuIQRQokDvzkER9.jpg
images/1782722579690-600x600h.jpeg	78879	a3debebad8c0370bee5457c71a8c48169d37b8a1e90cdbb3699adbe4282538f1	images/1782754771598-600x600h.jpeg	images/1782754265836-600x600h.jpeg
images/1782741943663-tabarihadith.png	2559581	b976de5155cd28a9918614d3874fbcd40a4121adb2f5ef2d026aad96978b9193		
images/1782743631309-images20260629T173330.593.jpeg	46360	13a36d17344f4ad482b341e90941cb9e7ebf2d9cd4fbf7fbba374b2ff939ab7f	images/1782752168179-images20260629T173330.593.jpeg	
images/1782743690288-HCl7S5NawAAPGpx.jpg	321930	173f57c4cc1de0c23476dc79d4af7fc1182872d4b37776d6a44051accc58f991	images/1782752144046-HCl7S5NawAAPGpx.jpg	
images/1782743826609-47745156124173710819511384571621464475014353n.jpg	216806	fe9636efed718d623872b7271739b5d9440c46dfbbaf2f277268f0da99668ea5		
images/1782744085458-images20260629T174051.551.jpeg	48859	0dba5fa48b52c0967c0e1e9842368ee7f61246bf20a3c7f919baab67990440f0	images/1782753648650-images20260629T174051.551.jpeg	images/1782744286447-images20260629T174051.551.jpeg | images/1782750774814-images20260629T174051.551.jpeg | images/1782753421704-images20260629T174051.551.jpeg
images/1782744114347-images20260629T173927.467.jpeg	59437	7c6a30b9afaac12b34695f146399b6eb4c5a6329f37c6be336f775734bd5d52b	images/1782753656959-images20260629T173927.467.jpeg	images/1782744214447-images20260629T173927.467.jpeg | images/1782750811444-images20260629T173927.467.jpeg | images/1782753369660-images20260629T173927.467.jpeg
images/1782744123530-images20260629T173953.183.jpeg	63886	1f129f4c28bb7ce79b9292a284ce8cc3b4c9fc340d0484d07a5a5a0278ef5804	images/1782753663814-images20260629T173953.183.jpeg	images/1782744270011-images20260629T173953.183.jpeg | images/1782750832317-images20260629T173953.183.jpeg | images/1782753377935-images20260629T173953.183.jpeg
images/1782744133155-images20260629T173922.031.jpeg	38119	6eced7429b993b9794c2b67ff946ed27fbed51457f752bc1ed8aca1db261d3a1		
images/1782744139419-images20260629T173911.519.jpeg	58379	40bf8b63e9795720bd794c01bf815a860c34cf68a5e160dfa8f351f14e7c3a4a	images/1782753670225-images20260629T173911.519.jpeg	images/1782744254529-images20260629T173911.519.jpeg | images/1782750840271-images20260629T173911.519.jpeg | images/1782753386483-images20260629T173911.519.jpeg
images/1782744146471-images20260629T174015.498.jpeg	69998	ea26cfa991cf5d93e2ca2f68becbd97bd00dfb5270a232b0bea78d6144db2a63	images/1782753676031-images20260629T174015.498.jpeg	images/1782744261725-images20260629T174015.498.jpeg | images/1782750849614-images20260629T174015.498.jpeg | images/1782753393600-images20260629T174015.498.jpeg
images/1782744214447-images20260629T173927.467.jpeg	59437	7c6a30b9afaac12b34695f146399b6eb4c5a6329f37c6be336f775734bd5d52b	images/1782753656959-images20260629T173927.467.jpeg	images/1782744114347-images20260629T173927.467.jpeg | images/1782750811444-images20260629T173927.467.jpeg | images/1782753369660-images20260629T173927.467.jpeg
images/1782744254529-images20260629T173911.519.jpeg	58379	40bf8b63e9795720bd794c01bf815a860c34cf68a5e160dfa8f351f14e7c3a4a	images/1782753670225-images20260629T173911.519.jpeg	images/1782744139419-images20260629T173911.519.jpeg | images/1782750840271-images20260629T173911.519.jpeg | images/1782753386483-images20260629T173911.519.jpeg
images/1782744261725-images20260629T174015.498.jpeg	69998	ea26cfa991cf5d93e2ca2f68becbd97bd00dfb5270a232b0bea78d6144db2a63	images/1782753676031-images20260629T174015.498.jpeg	images/1782744146471-images20260629T174015.498.jpeg | images/1782750849614-images20260629T174015.498.jpeg | images/1782753393600-images20260629T174015.498.jpeg
images/1782744270011-images20260629T173953.183.jpeg	63886	1f129f4c28bb7ce79b9292a284ce8cc3b4c9fc340d0484d07a5a5a0278ef5804	images/1782753663814-images20260629T173953.183.jpeg	images/1782744123530-images20260629T173953.183.jpeg | images/1782750832317-images20260629T173953.183.jpeg | images/1782753377935-images20260629T173953.183.jpeg
images/1782744286447-images20260629T174051.551.jpeg	48859	0dba5fa48b52c0967c0e1e9842368ee7f61246bf20a3c7f919baab67990440f0	images/1782753648650-images20260629T174051.551.jpeg	images/1782744085458-images20260629T174051.551.jpeg | images/1782750774814-images20260629T174051.551.jpeg | images/1782753421704-images20260629T174051.551.jpeg
images/1782744378069-images20260629T174611.558.jpeg	63291	eabf3920fb699a149154733f2d71712ebacd0a4cc921acd4e81a844f06e611e5	images/1782752483268-images20260629T174611.558.jpeg	images/1782748764128-images20260629T174611.558.jpeg | images/1782749785686-images20260629T174611.558.jpeg
images/1782744431931-.png	921256	744fd832c9fe91a2746d57563f9764cb62b156fc5296f0d9c4cadc365ee13ad0		
images/1782744491971-646x1000.jpg	208063	8055fc3ada2e0ae1ce21de27c68a5eb1289b44efefec9977ea81f9bd9ec7c2cc	images/1782752466513-646x1000.jpg	images/1782748643584-646x1000.jpg | images/1782749559349-646x1000.jpg
images/1782744551285-0a21d75f4d2243d8bb6d82470b5580e3thumbnail770x77070.jpg	77705	d8712ceb48ebb7887dd0cce4385d7fe4d66af50d6dc636cc51be0617655b8df5	images/1782752448861-0a21d75f4d2243d8bb6d82470b5580e3thumbnail770x77070.jpg	images/1782748616756-0a21d75f4d2243d8bb6d82470b5580e3thumbnail770x77070.jpg | images/1782749540066-0a21d75f4d2243d8bb6d82470b5580e3thumbnail770x77070.jpg | images/1782750521387-0a21d75f4d2243d8bb6d82470b5580e3thumbnail770x77070.jpg
images/1782745159327-images20260629T175912.638.jpeg	42129	49d7e9a27e34d00e538a366d51ac51b3a3977c28e5d70214eb1228f221a4b9da	images/1782752436135-images20260629T175912.638.jpeg	images/1782748595630-images20260629T175912.638.jpeg | images/1782749520454-images20260629T175912.638.jpeg
images/1782745166737-images20260629T175846.103.jpeg	64251	0809863c630f42a00b316b400dd4eacc5aa30bf06225ac79058a84ab59bb7ae6	images/1782752429065-images20260629T175846.103.jpeg	images/1782748583019-images20260629T175846.103.jpeg | images/1782749512711-images20260629T175846.103.jpeg
images/1782745237529-images20260629T180032.859.jpeg	31137	17cccf76b372f49d5077b3c28d316483d99a291d6ac19fe61c4e2a171a2b5321		images/1782748549855-images20260629T180032.859.jpeg | images/1782749495628-images20260629T180032.859.jpeg | images/1782752413066-images20260629T180032.859.jpeg
images/1782745284551-.png	489084	3a97266defab877359332c685419e1ec78bd6f532e65beaed7d4efac4feacddf	images/1782748960275-.png	images/1782748531572-.png
images/1782745291332-mawsuatnadratalnaim12vol51.jpg	15846	9ee04b7b36709ef0e757a4d6d5d2ef079e57734971c51e642f1b0a415ae092bb	images/1782748953531-mawsuatnadratalnaim12vol51.jpg	images/1782748524117-mawsuatnadratalnaim12vol51.jpg
images/1782745392683-.png	1949631	a92fd2099b383027fab83f75774a9edb873858b978eebb7947eb42e2b19cf2b3	images/1782377902686-.png	
images/1782745505630-images20260629T180451.590.jpeg	56328	5713b69d00e97f53e0058993e5be10439bf9f9c3fc2ee2c5c511f88526b9a12a	images/1782748930333-images20260629T180451.590.jpeg	images/1782748493746-images20260629T180451.590.jpeg
images/1782745648999-.png	4289458	6049922f972d4bce189fe0ae88c13f1b9be6fef169eced86641b4a15964f5e27		images/1782745714746-.png
images/1782745703039-33a0d20cbf1a4656a91d83c0986ae2be1000x1000fQfB5rTliPPhppAkGwyWnbdcc4mv8Oyk2iIrO2IP.jpg	150853	c838eba800467c4e84a1033528afdfaef88f21882b892fe7d5eaa9e09e7156ed		
images/1782745708620-images20260629T180757.823.jpeg	26710	5c6f9c3b2289145bd642611e46cb6c4e22912f74a889ceadc9c0ab908ab53de3	images/1782762475741-images20260629T180757.823.jpeg	
images/1782745714746-.png	4289458	6049922f972d4bce189fe0ae88c13f1b9be6fef169eced86641b4a15964f5e27		images/1782745648999-.png
images/1782748493746-images20260629T180451.590.jpeg	56328	5713b69d00e97f53e0058993e5be10439bf9f9c3fc2ee2c5c511f88526b9a12a	images/1782748930333-images20260629T180451.590.jpeg	images/1782745505630-images20260629T180451.590.jpeg
images/1782748524117-mawsuatnadratalnaim12vol51.jpg	15846	9ee04b7b36709ef0e757a4d6d5d2ef079e57734971c51e642f1b0a415ae092bb	images/1782748953531-mawsuatnadratalnaim12vol51.jpg	images/1782745291332-mawsuatnadratalnaim12vol51.jpg
images/1782748531572-.png	489084	3a97266defab877359332c685419e1ec78bd6f532e65beaed7d4efac4feacddf	images/1782748960275-.png	images/1782745284551-.png
images/1782748549855-images20260629T180032.859.jpeg	31137	17cccf76b372f49d5077b3c28d316483d99a291d6ac19fe61c4e2a171a2b5321		images/1782745237529-images20260629T180032.859.jpeg | images/1782749495628-images20260629T180032.859.jpeg | images/1782752413066-images20260629T180032.859.jpeg
images/1782748583019-images20260629T175846.103.jpeg	64251	0809863c630f42a00b316b400dd4eacc5aa30bf06225ac79058a84ab59bb7ae6	images/1782752429065-images20260629T175846.103.jpeg	images/1782745166737-images20260629T175846.103.jpeg | images/1782749512711-images20260629T175846.103.jpeg
images/1782748595630-images20260629T175912.638.jpeg	42129	49d7e9a27e34d00e538a366d51ac51b3a3977c28e5d70214eb1228f221a4b9da	images/1782752436135-images20260629T175912.638.jpeg	images/1782745159327-images20260629T175912.638.jpeg | images/1782749520454-images20260629T175912.638.jpeg
images/1782748616756-0a21d75f4d2243d8bb6d82470b5580e3thumbnail770x77070.jpg	77705	d8712ceb48ebb7887dd0cce4385d7fe4d66af50d6dc636cc51be0617655b8df5	images/1782752448861-0a21d75f4d2243d8bb6d82470b5580e3thumbnail770x77070.jpg	images/1782744551285-0a21d75f4d2243d8bb6d82470b5580e3thumbnail770x77070.jpg | images/1782749540066-0a21d75f4d2243d8bb6d82470b5580e3thumbnail770x77070.jpg | images/1782750521387-0a21d75f4d2243d8bb6d82470b5580e3thumbnail770x77070.jpg
images/1782748643584-646x1000.jpg	208063	8055fc3ada2e0ae1ce21de27c68a5eb1289b44efefec9977ea81f9bd9ec7c2cc	images/1782752466513-646x1000.jpg	images/1782744491971-646x1000.jpg | images/1782749559349-646x1000.jpg
images/1782748764128-images20260629T174611.558.jpeg	63291	eabf3920fb699a149154733f2d71712ebacd0a4cc921acd4e81a844f06e611e5	images/1782752483268-images20260629T174611.558.jpeg	images/1782744378069-images20260629T174611.558.jpeg | images/1782749785686-images20260629T174611.558.jpeg
images/1782749495628-images20260629T180032.859.jpeg	31137	17cccf76b372f49d5077b3c28d316483d99a291d6ac19fe61c4e2a171a2b5321		images/1782745237529-images20260629T180032.859.jpeg | images/1782748549855-images20260629T180032.859.jpeg | images/1782752413066-images20260629T180032.859.jpeg
images/1782749512711-images20260629T175846.103.jpeg	64251	0809863c630f42a00b316b400dd4eacc5aa30bf06225ac79058a84ab59bb7ae6	images/1782752429065-images20260629T175846.103.jpeg	images/1782745166737-images20260629T175846.103.jpeg | images/1782748583019-images20260629T175846.103.jpeg
images/1782749520454-images20260629T175912.638.jpeg	42129	49d7e9a27e34d00e538a366d51ac51b3a3977c28e5d70214eb1228f221a4b9da	images/1782752436135-images20260629T175912.638.jpeg	images/1782745159327-images20260629T175912.638.jpeg | images/1782748595630-images20260629T175912.638.jpeg
images/1782749540066-0a21d75f4d2243d8bb6d82470b5580e3thumbnail770x77070.jpg	77705	d8712ceb48ebb7887dd0cce4385d7fe4d66af50d6dc636cc51be0617655b8df5	images/1782752448861-0a21d75f4d2243d8bb6d82470b5580e3thumbnail770x77070.jpg	images/1782744551285-0a21d75f4d2243d8bb6d82470b5580e3thumbnail770x77070.jpg | images/1782748616756-0a21d75f4d2243d8bb6d82470b5580e3thumbnail770x77070.jpg | images/1782750521387-0a21d75f4d2243d8bb6d82470b5580e3thumbnail770x77070.jpg
images/1782749559349-646x1000.jpg	208063	8055fc3ada2e0ae1ce21de27c68a5eb1289b44efefec9977ea81f9bd9ec7c2cc	images/1782752466513-646x1000.jpg	images/1782744491971-646x1000.jpg | images/1782748643584-646x1000.jpg
images/1782749785686-images20260629T174611.558.jpeg	63291	eabf3920fb699a149154733f2d71712ebacd0a4cc921acd4e81a844f06e611e5	images/1782752483268-images20260629T174611.558.jpeg	images/1782744378069-images20260629T174611.558.jpeg | images/1782748764128-images20260629T174611.558.jpeg
images/1782750521387-0a21d75f4d2243d8bb6d82470b5580e3thumbnail770x77070.jpg	77705	d8712ceb48ebb7887dd0cce4385d7fe4d66af50d6dc636cc51be0617655b8df5	images/1782752448861-0a21d75f4d2243d8bb6d82470b5580e3thumbnail770x77070.jpg	images/1782744551285-0a21d75f4d2243d8bb6d82470b5580e3thumbnail770x77070.jpg | images/1782748616756-0a21d75f4d2243d8bb6d82470b5580e3thumbnail770x77070.jpg | images/1782749540066-0a21d75f4d2243d8bb6d82470b5580e3thumbnail770x77070.jpg
images/1782750774814-images20260629T174051.551.jpeg	48859	0dba5fa48b52c0967c0e1e9842368ee7f61246bf20a3c7f919baab67990440f0	images/1782753648650-images20260629T174051.551.jpeg	images/1782744085458-images20260629T174051.551.jpeg | images/1782744286447-images20260629T174051.551.jpeg | images/1782753421704-images20260629T174051.551.jpeg
images/1782750811444-images20260629T173927.467.jpeg	59437	7c6a30b9afaac12b34695f146399b6eb4c5a6329f37c6be336f775734bd5d52b	images/1782753656959-images20260629T173927.467.jpeg	images/1782744114347-images20260629T173927.467.jpeg | images/1782744214447-images20260629T173927.467.jpeg | images/1782753369660-images20260629T173927.467.jpeg
images/1782750832317-images20260629T173953.183.jpeg	63886	1f129f4c28bb7ce79b9292a284ce8cc3b4c9fc340d0484d07a5a5a0278ef5804	images/1782753663814-images20260629T173953.183.jpeg	images/1782744123530-images20260629T173953.183.jpeg | images/1782744270011-images20260629T173953.183.jpeg | images/1782753377935-images20260629T173953.183.jpeg
images/1782750840271-images20260629T173911.519.jpeg	58379	40bf8b63e9795720bd794c01bf815a860c34cf68a5e160dfa8f351f14e7c3a4a	images/1782753670225-images20260629T173911.519.jpeg	images/1782744139419-images20260629T173911.519.jpeg | images/1782744254529-images20260629T173911.519.jpeg | images/1782753386483-images20260629T173911.519.jpeg
images/1782750849614-images20260629T174015.498.jpeg	69998	ea26cfa991cf5d93e2ca2f68becbd97bd00dfb5270a232b0bea78d6144db2a63	images/1782753676031-images20260629T174015.498.jpeg	images/1782744146471-images20260629T174015.498.jpeg | images/1782744261725-images20260629T174015.498.jpeg | images/1782753393600-images20260629T174015.498.jpeg
images/1782752413066-images20260629T180032.859.jpeg	31137	17cccf76b372f49d5077b3c28d316483d99a291d6ac19fe61c4e2a171a2b5321		images/1782745237529-images20260629T180032.859.jpeg | images/1782748549855-images20260629T180032.859.jpeg | images/1782749495628-images20260629T180032.859.jpeg
images/1782753369660-images20260629T173927.467.jpeg	59437	7c6a30b9afaac12b34695f146399b6eb4c5a6329f37c6be336f775734bd5d52b	images/1782753656959-images20260629T173927.467.jpeg	images/1782744114347-images20260629T173927.467.jpeg | images/1782744214447-images20260629T173927.467.jpeg | images/1782750811444-images20260629T173927.467.jpeg
images/1782753377935-images20260629T173953.183.jpeg	63886	1f129f4c28bb7ce79b9292a284ce8cc3b4c9fc340d0484d07a5a5a0278ef5804	images/1782753663814-images20260629T173953.183.jpeg	images/1782744123530-images20260629T173953.183.jpeg | images/1782744270011-images20260629T173953.183.jpeg | images/1782750832317-images20260629T173953.183.jpeg
images/1782753386483-images20260629T173911.519.jpeg	58379	40bf8b63e9795720bd794c01bf815a860c34cf68a5e160dfa8f351f14e7c3a4a	images/1782753670225-images20260629T173911.519.jpeg	images/1782744139419-images20260629T173911.519.jpeg | images/1782744254529-images20260629T173911.519.jpeg | images/1782750840271-images20260629T173911.519.jpeg
images/1782753393600-images20260629T174015.498.jpeg	69998	ea26cfa991cf5d93e2ca2f68becbd97bd00dfb5270a232b0bea78d6144db2a63	images/1782753676031-images20260629T174015.498.jpeg	images/1782744146471-images20260629T174015.498.jpeg | images/1782744261725-images20260629T174015.498.jpeg | images/1782750849614-images20260629T174015.498.jpeg
images/1782753421704-images20260629T174051.551.jpeg	48859	0dba5fa48b52c0967c0e1e9842368ee7f61246bf20a3c7f919baab67990440f0	images/1782753648650-images20260629T174051.551.jpeg	images/1782744085458-images20260629T174051.551.jpeg | images/1782744286447-images20260629T174051.551.jpeg | images/1782750774814-images20260629T174051.551.jpeg
images/1782754257789-e966a734d3c040b8a23ebb49939715151000x838.18915284626we81Ylg9hG8SL34uGrBSG0fk7BuIQRQokDvzkER9.jpg	242063	f1ee3b5ba8f161bd3831789c0973c2bfdcef87de73fc6a1ef8a11eb823820431	images/1782754724657-e966a734d3c040b8a23ebb49939715151000x838.18915284626we81Ylg9hG8SL34uGrBSG0fk7BuIQRQokDvzkER9.jpg	images/1782722573226-e966a734d3c040b8a23ebb49939715151000x838.18915284626we81Ylg9hG8SL34uGrBSG0fk7BuIQRQokDvzkER9.jpg
images/1782754265836-600x600h.jpeg	78879	a3debebad8c0370bee5457c71a8c48169d37b8a1e90cdbb3699adbe4282538f1	images/1782754771598-600x600h.jpeg	images/1782722579690-600x600h.jpeg
images/1782855325717-0367efeeffae42878949b681360de924750x1000038ZJaCgZqc3WpydhAKFtHgHhlvMFkgwYefR61xK.jpg	110673	d7ee89f76b64dff75d76c84822950efa1967770e8ff2c84da8f85d8217278029	images/1782855995250-0367efeeffae42878949b681360de924750x1000038ZJaCgZqc3WpydhAKFtHgHhlvMFkgwYefR61xK.jpg	
images/1782859021401-44046.jpg	116353	b2334322a0228c5c07ddb8ed0f78fa074726a06bd5388c744d25570c26282d9e	images/1782926658060-44046.jpg	
images/1782898490248-OIP.webp	27786	df2d182d104ce8d15f76ff25e4e5026c7bf866cde620698f9b1043be643f9716		
images/1782912380487-id111342077rbkem8yf3jn7b57had.jpg	554067	8293d57a6e37713245fc522e26c2d8475a3373d4425b2d25c6d97238c6f2faa9		
images/1782916438115-4b1635bc23914364a62a37f6eacfc59c.jpg	99965	8ff708c186f0065dab43b9dc5e551cb18069b3bf708131dbec07b7f03713da4e		
images/1782916531840-IMG20260630221538483.jpg	154445	10238eecfe27fc73822d8ac3208146932c3293ee567e647cd336ad0f49acb126		
images/1782921220695-2gYhy9XHU7EgkpIWmXQyoiyBk2QSvG10fX3rHsV0.jpg	81000	bd42187dadcac824e8f53282258f9b77fd30eb629b7fbcc1bc958a0cb930bae0	images/1782921475856-2gYhy9XHU7EgkpIWmXQyoiyBk2QSvG10fX3rHsV0.jpg	
images/1782921227551-images27.jpeg	17195	92bbed809fcedc8643580af1bee35c8c400cecc98ced70cbb7e4e551805b39ce	images/1782921481985-images27.jpeg	
images/1782981876197-CSFq92kWcAIr6VH.jpg	90156	060ed9a300eecfd6a733f4d71349f82b88ac29abea1a1f26b610388d1e9ecd4f	images/1782982030823-CSFq92kWcAIr6VH.jpg	
images/1782982001290-downloadpdfebooks.orgwq9310.jpg	11096	369d97862b34734c904006e16258265a210ef49aab3386310171e548f3aaae82	images/1782982024849-downloadpdfebooks.orgwq9310.jpg	
images/1782982720415-images77.jpeg	30458	caced5b57ad0fcce2d9cecfe10e642c70442ec1929095cf5f501dd10b2b0ed3d	images/1782982834301-images77.jpeg	
images/1782989089882-0a69f5c6c3ab4b6db3419df85a5882eb.jpg	699613	7331fec51f33c9c0b501fcfed014b3a2b685577ea89a536f6a96e2e39faf0d65	images/1782989105864-0a69f5c6c3ab4b6db3419df85a5882eb.jpg	
images/1782989616450-images63.jpeg	48561	9cff1fe0f5ea7cfb0a4d710637632125e489e6a12fc3682facf002fd199df1d7		
images/1782990088788-images66.jpeg	6267	8038675a9916e953aaf43a7f4b6740fe1ddc52c4111ee2e665b28efb110f766e		
images/1782990147868-images67.jpeg	46234	cf90df9b193f2e1481f0bdc777633a6f21a1c764f8abb9db2ce50921f7ebafab		
images/1782990157360-almghythjpg64259463b7b8067926ad46fa08.jpg	41234	901827fd2c3af04c581bf7d35f1c5f915f7c8bf70416b79b029b02e8df3e1ce1	images/1783033076733-almghythjpg64259463b7b8067926ad46fa08.jpg	
images/1782990231522-G3VVdX1XoAA7qlI.jpg	362138	e50e8d79a7b03684741696bdd41c3b1e1ef696fc37454ba876d31e063ead2484	images/1782990708195-G3VVdX1XoAA7qlI.jpg	images/1782990652610-G3VVdX1XoAA7qlI.jpg
images/1782990237991-G5pZfHRacAEvji.jpg	395087	124d3b2f8cbb238ac0b690ecc9ac3c4a3a66ac2f20f5bfad2e8877117af32de7	images/1782990714748-G5pZfHRacAEvji.jpg	images/1782990661027-G5pZfHRacAEvji.jpg
images/1782990319795-images69.jpeg	58370	ff82fe8117c73d95338df898ad5822bd5ea5ee08cbc0509eee75c392916125de		
images/1782990324977-images68.jpeg	30880	54df6fe73c4c65d08af73fa53d19cda3ab85e212fac75747c5ed0fa60e14a4db	images/1783033220767-images60.jpeg	
images/1782990468822-images72.jpeg	17833	018ad379d29f3c230072f1ebbf21fbdf3abae795971c7524418c26cd3a779503	images/1782990562744-images72.jpeg	
images/1782990652610-G3VVdX1XoAA7qlI.jpg	362138	e50e8d79a7b03684741696bdd41c3b1e1ef696fc37454ba876d31e063ead2484	images/1782990708195-G3VVdX1XoAA7qlI.jpg	images/1782990231522-G3VVdX1XoAA7qlI.jpg
images/1782990661027-G5pZfHRacAEvji.jpg	395087	124d3b2f8cbb238ac0b690ecc9ac3c4a3a66ac2f20f5bfad2e8877117af32de7	images/1782990714748-G5pZfHRacAEvji.jpg	images/1782990237991-G5pZfHRacAEvji.jpg
images/1782999851878-e29809aaa08a4f54966f48856b36bf84500x47037nBRfaqADEYqEGInHghVaVewxk3cz3wEZo5XmYV.jpg	69578	8177350ec233de5cb4462632c8c9e4111d218adbc48de523e35b9bc503c3ae97	images/1782999880958-e29809aaa08a4f54966f48856b36bf84500x47037nBRfaqADEYqEGInHghVaVewxk3cz3wEZo5XmYV.jpg	
images/1782999896241-06d7fbdd9c6e43aca25e1fafb27604b5745x10002J4TXF0JBqh7IaHTxEiMosoKa9jr7yuIsWS79RQ7.jpg	36682	a96c3a2666efe97de5ac11443b590383a0094e76a5dda84eb8a7e46c128ad665	images/1782999908246-06d7fbdd9c6e43aca25e1fafb27604b5745x10002J4TXF0JBqh7IaHTxEiMosoKa9jr7yuIsWS79RQ7.jpg	
images/1782999903544-images78.jpeg	28785	b22e64b9817ff4ea9b264994e4f72faa8ff6094720393754f52774d1a3c281d4	images/1782999912885-images78.jpeg	
images/1783002900341-4VgCCDPLVmjiQfL9rRQKzCiPueGRVo8RPvoJsDj5.png	1018881	03a292bbb04cfd7024e5c1049539da808ef7fa95718f0028aa3a401738588881	images/1783003557056-4VgCCDPLVmjiQfL9rRQKzCiPueGRVo8RPvoJsDj5.png	images/1783003048282-4VgCCDPLVmjiQfL9rRQKzCiPueGRVo8RPvoJsDj5.png | images/1783003122534-4VgCCDPLVmjiQfL9rRQKzCiPueGRVo8RPvoJsDj5.png | images/1783003166153-4VgCCDPLVmjiQfL9rRQKzCiPueGRVo8RPvoJsDj5.png
images/1783003048282-4VgCCDPLVmjiQfL9rRQKzCiPueGRVo8RPvoJsDj5.png	1018881	03a292bbb04cfd7024e5c1049539da808ef7fa95718f0028aa3a401738588881	images/1783003557056-4VgCCDPLVmjiQfL9rRQKzCiPueGRVo8RPvoJsDj5.png	images/1783002900341-4VgCCDPLVmjiQfL9rRQKzCiPueGRVo8RPvoJsDj5.png | images/1783003122534-4VgCCDPLVmjiQfL9rRQKzCiPueGRVo8RPvoJsDj5.png | images/1783003166153-4VgCCDPLVmjiQfL9rRQKzCiPueGRVo8RPvoJsDj5.png
images/1783003122534-4VgCCDPLVmjiQfL9rRQKzCiPueGRVo8RPvoJsDj5.png	1018881	03a292bbb04cfd7024e5c1049539da808ef7fa95718f0028aa3a401738588881	images/1783003557056-4VgCCDPLVmjiQfL9rRQKzCiPueGRVo8RPvoJsDj5.png	images/1783002900341-4VgCCDPLVmjiQfL9rRQKzCiPueGRVo8RPvoJsDj5.png | images/1783003048282-4VgCCDPLVmjiQfL9rRQKzCiPueGRVo8RPvoJsDj5.png | images/1783003166153-4VgCCDPLVmjiQfL9rRQKzCiPueGRVo8RPvoJsDj5.png
images/1783003166153-4VgCCDPLVmjiQfL9rRQKzCiPueGRVo8RPvoJsDj5.png	1018881	03a292bbb04cfd7024e5c1049539da808ef7fa95718f0028aa3a401738588881	images/1783003557056-4VgCCDPLVmjiQfL9rRQKzCiPueGRVo8RPvoJsDj5.png	images/1783002900341-4VgCCDPLVmjiQfL9rRQKzCiPueGRVo8RPvoJsDj5.png | images/1783003048282-4VgCCDPLVmjiQfL9rRQKzCiPueGRVo8RPvoJsDj5.png | images/1783003122534-4VgCCDPLVmjiQfL9rRQKzCiPueGRVo8RPvoJsDj5.png
images/1783007232685-311711.jpg	176923	1f6964b9e635696f4c3c5e123806d9a254e463ab892539f59cc34f5342bf1b91		
images/1783007238390-images6.jpeg	46703	d1a58a71376a37328681e4bebe1b11d748e18a64010e47a5a8d10f9e3cdcc5cd		
images/1783007895541-05356.jpg.webp	232304	2280359c9830149dd4ee7608fe62268251fe0867e50563ea340b379267d5b671		
images/1783010836207-s9geSsXzCq3u1NTvYpxCGwur6Nbyk3w4zsyP9yg0.jpg	30172	1a84a027ae7817f7347a35d8836068bc98e9c513edb19a80919b65961fab533c		images/1783018284981-s9geSsXzCq3u1NTvYpxCGwur6Nbyk3w4zsyP9yg0.jpg
images/1783010842919-cover1.jpg	29446	2550b41cc11eb98fd80b127ebcdbcef01995808a6e6b4073840c8ccc23ce31ca	images/1783011964626-cover1.jpg	images/1783020035128-cover1.jpg
images/1783010900494-bab730edef2eebd503de7d5b7fd96e6894dc4a92597825.jpg	139526	1fdbe23d459772079f58b1d426b5730456ebe875ca9fa194684b84f8c81f8f08	images/1783012026615-bab730edef2eebd503de7d5b7fd96e6894dc4a92597825.jpg	
images/1783010907962-lgxgzuOm3p5sstBY8GL8PMfjgdITiCGzVGjJvD9T.jpg	168422	ab5c81567f341a4aacf723985ccde28cdb070aaa9c5452592726840a12b39ac8	images/1783012019728-lgxgzuOm3p5sstBY8GL8PMfjgdITiCGzVGjJvD9T.jpg	
images/1783010990286-images29.jpeg	73270	804d951b0d51bf0907e55030b8b1e29364dd1091849d724a39b8972201e530d8		images/1783019949074-images292014016134962466.jpeg
images/1783010996137-GFgDsoQX0AAHf6l.jpg	169903	9d7ac715ee2a27d3ce62c57b96488d91881795a93ac7e9c9a5daf532de7221bf	images/1783021450343-GFgDsoQX0AAHf6l.jpg	images/1783019932218-GFgDsoQX0AAHf6l.jpg
images/1783011002276-images27.jpeg	22070	9c1ef280fbbce0578401df5777f2f5be39af97494ac4ca9b1e948c543981712f	images/1783021434279-images272014016079374445.jpeg	
images/1783011055922-0020509117.jpeg	75428	3811583f6ca831e762b8187b9d21a19e7f3660e16ddf6da9f1690c3fed75e073	images/1783021533177-0020509117.jpeg	images/1783020013696-0020509117.jpeg
images/1783011062398-images33.jpeg	34341	c81c59613ecf418d8f0daad55f62cfecb2b041c0593a60d218303a858f457bc9	images/1783021569017-images33.jpeg	images/1783011970684-images33.jpeg | images/1783019960599-images33.jpeg
images/1783011125277-Gv110NkW0AATMZz.jpg	213904	88d52ae1fcadf4abddbd1d527d1f9a009e25de7c4fdb037787edf72ab33d5210	images/1783025246403-Gv110NkW0AATMZz.jpg	
images/1783011131698-images49.jpeg	47816	ecfad5d6fa184d03a84895c2aee6c141a510386f4bf89a21048520daa2a3b2f2	images/1783025269271-images49.jpeg	
images/1783011199535-images51.jpeg	53759	bcafc2238fa9523fde133fe7fb992225fed9cb6075a07a2c80f5c54838af0546	images/1783025422259-images51.jpeg	
images/1783011205724-82762.jpg	161816	f6fbb29785dfb35e010333ea363ce191d7a9ee286274b5e673ceeb7ef3dfaa42	images/1783025372402-82762.jpg	
images/1783011325136-600x600h.jpg	115310	2374b1450c85af90d71a74efbcabd93f20e53b52efd4732738539b4321a3d853	images/1783026248127-600x600h.jpg	images/1783011365762-600x600h.jpg
images/1783011365762-600x600h.jpg	115310	2374b1450c85af90d71a74efbcabd93f20e53b52efd4732738539b4321a3d853	images/1783026248127-600x600h.jpg	images/1783011325136-600x600h.jpg
images/1783011477053-www.muhibalkutub.com.jpg	314623	838b642897ed72d4a3de0b7b7b7d4cdc292dbbb7070064ae943612142d2fc37e	images/1783026347635-www.muhibalkutub.com.jpg	
images/1783011600704-m3KpVMew1k9finoD5YMzqQTJivPwPLusmUyfzIrT.jpg	119036	0110728576741fd7f91905419a6ab18dec521da63fb9318ce9ca9d471490ab2b	images/1783025634637-m3KpVMew1k9finoD5YMzqQTJivPwPLusmUyfzIrT.jpg	
images/1783011608280-db57214980ef4ecaa300b965abaa0671thumbnail370x37070.jpg	16969	f92f16358acf7bad244e4322c3f9436470fca45c3189a81f3b2531644c37abc9	images/1783025600694-db57214980ef4ecaa300b965abaa0671thumbnail370x37070.jpg	
images/1783011970684-images33.jpeg	34341	c81c59613ecf418d8f0daad55f62cfecb2b041c0593a60d218303a858f457bc9	images/1783021569017-images33.jpeg	images/1783011062398-images33.jpeg | images/1783019960599-images33.jpeg
images/1783018284981-s9geSsXzCq3u1NTvYpxCGwur6Nbyk3w4zsyP9yg0.jpg	30172	1a84a027ae7817f7347a35d8836068bc98e9c513edb19a80919b65961fab533c		images/1783010836207-s9geSsXzCq3u1NTvYpxCGwur6Nbyk3w4zsyP9yg0.jpg
images/1783019932218-GFgDsoQX0AAHf6l.jpg	169903	9d7ac715ee2a27d3ce62c57b96488d91881795a93ac7e9c9a5daf532de7221bf	images/1783021450343-GFgDsoQX0AAHf6l.jpg	images/1783010996137-GFgDsoQX0AAHf6l.jpg
images/1783019949074-images292014016134962466.jpeg	73270	804d951b0d51bf0907e55030b8b1e29364dd1091849d724a39b8972201e530d8		images/1783010990286-images29.jpeg
images/1783019960599-images33.jpeg	34341	c81c59613ecf418d8f0daad55f62cfecb2b041c0593a60d218303a858f457bc9	images/1783021569017-images33.jpeg	images/1783011062398-images33.jpeg | images/1783011970684-images33.jpeg
images/1783020013696-0020509117.jpeg	75428	3811583f6ca831e762b8187b9d21a19e7f3660e16ddf6da9f1690c3fed75e073	images/1783021533177-0020509117.jpeg	images/1783011055922-0020509117.jpeg
images/1783020035128-cover1.jpg	29446	2550b41cc11eb98fd80b127ebcdbcef01995808a6e6b4073840c8ccc23ce31ca	images/1783011964626-cover1.jpg	images/1783010842919-cover1.jpg
images/1783030066382-399730.jpg	138418	ca0163d382fe9b852c5024b937a84a761dc1e554d88525aa9d7e4c076f105b89		
images/1783030993705-bb1eb374ca404652bfcdef970ecd889a680x1000lD9Tjs1Act1dOTOS3ZeKJCmYlr0LTrZijoyiiCpJ.jpg	157875	1630f8f42c9809b181bdca39b54ba66cee7d241122e8451667e9fe068d16799b	images/1783031121798-bb1eb374ca404652bfcdef970ecd889a680x1000lD9Tjs1Act1dOTOS3ZeKJCmYlr0LTrZijoyiiCpJ.jpg	
images/1783031009812-images33.jpeg	94635	172a6ba335d9afbcb6bd6cbde5eaa03d7de3537a7addc5874f2511da71eb1a73	images/1783031100238-images33.jpeg	
images/1783034809866-GAH3zeWwAAKa0P.jpg	209629	9b5b8477dd9dace380b73ada8f723ca23d15d9dc2c2aabc726dd680a42505f94		images/1783034847747-GAH3zeWwAAKa0P.jpg
images/1783034847747-GAH3zeWwAAKa0P.jpg	209629	9b5b8477dd9dace380b73ada8f723ca23d15d9dc2c2aabc726dd680a42505f94		images/1783034809866-GAH3zeWwAAKa0P.jpg
images/1783276370321-45670.jpg	1296624	73726a9581aee901fb957b5e30a5991c13b74a5258109a7076686c8a6490fea0		
images/1783286925045-images1.jpg	100302	36df3219d2faa77503b13e9bf723d791b0334f3a2624811ef8f49ad4e6bda62a		
images/1783333650286-IMG20260706122700795.jpg	119287	ace763e4b9f5193ff79a60f7b5cb0fa4ff2dd661c2295b6120d8f4c0b741b252		
images/1783613910291-images6.jpeg	48196	6da274f05e66737111688ea6a403d324b9a44687d9fc6405c0619164eab7aa9a	images/1783613987083-images6.jpeg	
images/1784484139445-47445.jpg	91977	92b634e3be0180cfc57c1734f0e71b7541e85cc669cbee905c75e2617e43d73b		
images/1786478357812-images58.jpeg	51354	509d298103f0445db815d44a39e15c9ed310a7b1e29f575742b2a2101826561c		
